{
  "add_bos_token": true,
  "add_eos_token": false,
  "bos_token": {
    "__type": "AddedToken",
    "content": "<s>",
    "lstrip": false,
    "normalized": true,
    "rstrip": false,
    "single_word": false
  },
  "clean_up_tokenization_spaces": false,
  "eos_token": {
    "__type": "AddedToken",
    "content": "</s>",
    "lstrip": false,
    "normalized": true,
    "rstrip": false,
    "single_word": false
  },
  "legacy": false,
  "model_max_length": 32768,
  "pad_token": null,
  "padding_side": "right",
  "sp_model_kwargs": {},
  "tokenizer_class": "LlamaTokenizer",
  "unk_token": {
    "__type": "AddedToken",
    "content": "<unk>",
    "lstrip": false,
    "normalized": true,
    "rstrip": false,
    "single_word": false
  }
}
